variable,n,faltantes,media,mediana,desv_std,q1,q3,iqr,p95,p99,min,max,asimetria,ceros_pct,negativos
CIMREP,10238,0,203947.05342857784,0.0,2890211.1419680365,0.0,0.0,0.0,125845.64999999951,3335151.209999918,0.0,141286688.0,32.05227232758086,92.1859738230123,0
BRUTA,10238,0,11856157.595223207,2629689.5,58970365.03837476,1092721.75,7038319.0,5945597.25,36468961.99999997,160974107.29999962,-7456228.0,2007621605.0,19.402951829923424,3.2135182652861887,34
CONSUI,10238,0,4327635.185457628,733873.0,26211962.150115777,280633.75,2016924.75,1736291.0,12179773.35,70675054.33499992,0.0,969638853.5,21.624604501381125,3.2135182652861887,0
GAS,10238,0,3791.168587594977,0.0,63391.85845128388,0.0,119.0,119.0,4582.999999999993,44525.64999999948,0.0,3666108.0,34.77308587942629,66.24340691541317,0
EMPAQUE,10238,0,69766.2482909621,0.0,544412.3560854646,0.0,9726.0,9726.0,197127.3999999999,1310398.389999996,0.0,20054711.0,20.4616012580805,56.67122484860324,0
HONORA,10238,0,392689.2981068686,67645.5,2233501.7451013657,24000.0,199513.5,175513.5,1135027.149999999,5702327.629789966,0.0,96767043.0,19.51341123781475,7.667513186169174,0
COMISION,10238,0,107253.39314201992,0.0,1358426.2596407342,0.0,0.0,0.0,234066.4999999994,1386841.8199999924,0.0,69193473.0,31.16448131731993,75.16116428990037,0
ARRIENDO,10238,0,593037.0506805031,97615.0,3657863.7011001115,17415.0,312616.5,295201.5,1860849.3499999999,8458622.410209967,0.0,165235652.0,25.498192994764654,13.60617308067982,0
SEGURO,10238,0,91928.75248977427,18991.5,431498.49561896943,4464.25,59687.25,55223.0,313269.6999999999,1221723.369999993,0.0,13261257.33,17.56834887227405,14.368040632936122,0
ASEO,10238,0,122135.68831606525,6326.5,1622075.6409736578,1150.0,28167.5,27017.5,272106.7999999995,1303542.8899999976,0.0,66030045.0,34.29524654740985,19.163899199062318,0
ENERGIA,10238,0,268675.25807011034,28505.5,3860437.986052983,9928.25,80152.75,70224.5,484847.849999999,2342522.1099999985,0.0,187372126.7,38.44432468590053,3.2135182652861887,0
COMUNICA,10238,0,66081.02412637908,12646.0,511847.5974779189,4987.25,31632.25,26645.0,191756.79999999984,786860.4899999865,0.0,25480332.0,31.694708301609392,4.395389724555578,0
PUBLICO,10238,0,17614.404571575404,4118.0,140314.74157383156,1757.0,9679.5,7922.5,42014.66667,167497.3333,0.0,4794876.667,26.29944150808537,3.2232857980074234,0
FLETES,10238,0,685673.2902093534,50299.5,4876009.297428923,4679.5,268468.0,263788.5,2126332.0499999984,8576362.83999999,0.0,184714269.0,23.67956466930913,11.750341863645243,0
PUBLICI,10238,0,534292.8199866597,3940.0,4778354.309852603,0.0,45201.25,45201.25,930776.199999999,12620170.569999982,0.0,162802678.0,19.15545723264683,34.68450869310412,0
ADECUA,10238,0,250644.80933389228,41137.5,1498610.0804236175,9297.0,141067.0,131770.0,769224.049999999,3207513.5599999856,0.0,53643951.33,22.33948213239814,8.644266458292634,0
REGALA,10238,0,65917.23920963852,0.0,1450254.3274059494,0.0,0.0,0.0,732.1499999999996,386253.1999999927,0.0,70526312.0,38.32006227355965,94.04180504004688,0
OUTSOURCING,10238,0,147367.46894023343,0.0,1608578.6199800055,0.0,0.0,0.0,203018.29999999996,3300646.589999947,0.0,78263892.0,24.50959280817,84.24496972064857,0
OTROS,10238,0,399255.06920221134,54014.25,2395631.8113962575,11546.625,199651.125,188104.5,1332561.65,5708863.579999994,0.0,96078746.67,24.196406832826572,6.270756007032624,0
SUELDOS,10238,0,2405373.4864345966,619267.0,11843211.196356209,275395.0,1559182.5,1283787.5,7700721.449999999,29482246.67,0.0,405272783.7,22.429887949326808,4.073061144754835,0
PRESTAC,10238,0,985079.1066374193,250518.5,4981596.363895364,112515.5,639299.5,526784.0,3207951.8499999973,11489915.859999863,0.0,161099796.3,22.617485719580152,4.112131275639774,0
VENTA,10238,0,55665447.364394784,12960904.305,307754428.0122452,4923704.9465,32069965.9325,27146260.986,167053316.20999977,731219371.3439971,0.0,11812574452.0,22.87096144897406,3.2135182652861887,0
AGREGA,10238,0,7528522.409549707,1769132.75,34457292.65188727,680660.75,4809504.25,4128843.5,24519855.274999972,108188218.77099545,-93345112.5,1037982751.0,17.510592835026408,3.2135182652861887,151
PERREMUN,10238,0,64.6411408488358,21.0,362.5582384798974,11.0,46.0,35.0,184.04999999499987,642.6299999999992,0.0,13022.0,27.73985659894116,4.073061144754835,0
SOCIOS,10238,0,0.3979292830627076,0.0,1.6715649582759273,0.0,0.0,0.0,2.0,4.0,0.0,121.0,44.51353855703189,78.98026958390311,0
PERSONOM,10238,0,51.87751513946006,14.0,351.2283129294339,6.0,35.0,29.0,144.0,507.6299999999992,0.0,12919.66667,29.755733942883925,13.518265286188708,0
DIRECTO,10238,0,12.763625708117505,0.0,64.81604707469646,0.0,3.0,3.0,57.0,201.6299999999992,0.0,2318.0,18.711253228026983,71.51787458487986,0
AGENCIA,10238,0,5.9960929870178745,0.0,81.41101580328078,0.0,0.0,0.0,19.0,107.6299999999992,0.0,4442.666667,48.18264791788233,84.23520218792733,0
APRENDIZ,10238,0,1.9641531548820084,0.0,13.647257910196195,0.0,1.0,1.0,6.0,21.209999997899732,0.0,627.3333333,32.51843721257971,53.00840007814026,0
TOTPERSO,10238,0,72.99931627312061,24.0,398.66623575708365,12.0,51.0,39.0,204.0,736.0500000209986,0.0,13938.0,25.311931300214592,3.2135182652861887,0
PROMUJ,10238,0,0.1604805626092987,0.0,0.5849977549656299,0.0,0.0,0.0,1.0,2.0,0.0,29.0,15.302142603972543,88.0640750146513,0
PROHOM,10238,0,0.2374487204528228,0.0,1.2427548683141494,0.0,0.0,0.0,1.0,3.0,0.0,92.0,50.70733914470041,83.77612815002931,0
PERMUJ,10238,0,24.138015237046005,6.0,180.15758498811118,2.0,15.0,13.0,68.0,226.149999999996,0.0,6585.333333,29.992223162552847,15.823403008400078,0
PERHOM,10238,0,27.73949990228043,8.0,174.38815730623276,3.0,20.0,17.0,80.43333333049976,295.2599999999984,0.0,6334.333333,28.513689389183376,15.794100410236375,0
DIRMUJ,10238,0,5.895096698594843,0.0,35.94047394416546,0.0,1.0,1.0,25.0,94.6299999999992,0.0,1704.0,26.627258977302304,73.59835905450284,0
DIRHOM,10238,0,6.868529009667124,0.0,33.536842849391675,0.0,1.0,1.0,32.66666667,110.6299999999992,0.0,1149.666667,17.351479217758836,73.34440320375073,0
AGEMUJ,10238,0,2.7905840984354366,0.0,34.8306372917352,0.0,0.0,0.0,8.0,52.0,0.0,1817.0,43.148775227144895,86.02266067591327,0
AGEHOM,10238,0,3.205508888568959,0.0,47.52029598285551,0.0,0.0,0.0,10.0,55.420000002099464,0.0,2625.666667,49.797747704680795,86.08126587224068,0
APRENMUJ,10238,0,1.1053916780719866,0.0,8.150770674645901,0.0,1.0,1.0,3.0,11.0,0.0,372.0,32.057116310576454,65.33502637233835,0
APRENHOM,10238,0,0.8587614768399102,0.0,5.678388259726452,0.0,1.0,1.0,3.0,10.876666667899734,0.0,255.3333333,31.051006621460857,71.00996288337565,0
TOTMUJ,10238,0,34.0895682747312,10.0,203.74137343592125,5.0,23.0,18.0,97.0,360.6299999999992,0.0,7072.333333,25.462047945894472,4.580972846259035,0
TOTHOM,10238,0,38.90974799766742,13.0,200.27392666441352,6.0,28.0,22.0,115.0,400.6666667,0.0,6865.666667,24.21575703513643,4.20980660285212,0
SUEPLAN,10238,0,2073725.43563325,459973.5,11423621.402107103,172488.75,1260524.5,1088035.75,6649657.849999999,26527244.03999996,0.0,401060883.0,23.500975993530716,13.518265286188708,0
PREPLAN,10238,0,500357.3135363665,133014.5,2770291.7023255285,59615.5,328687.25,269071.75,1593937.8,5566432.599999994,0.0,95510221.0,24.986296298019305,4.141433873803478,0
REMPLAN,10238,0,2509043.5855510063,560816.0,14091560.711525165,210625.0,1528028.5,1317403.5,8093489.699999998,31098450.71999991,0.0,488273278.0,23.95514104632188,13.518265286188708,0
COTIZA,10238,0,418237.76051252196,102694.7,1953156.8654118306,44418.81,269162.94,224744.13,1384766.278,5290217.867,0.0,60583075.27,19.810870761132346,4.112131275639774,0
GASAGEN,10238,0,188995.4291742821,0.0,2184799.241125418,0.0,0.0,0.0,622331.0,3485378.8599999906,0.0,112915160.3,42.38705606969315,84.23520218792733,0
REMTEMP,10238,0,305707.7144964096,0.0,1550816.81524216,0.0,59800.0,59800.0,1326171.7999999977,4807730.939999961,0.0,51941513.0,16.051878617297916,71.51787458487986,0
TOTREM,10238,0,3232989.060582243,820663.88,16264955.64514018,368710.81,2087833.55,1719122.74,10432023.019999992,39127362.08039982,0.0,549326039.3,22.71336554026082,4.073061144754835,0
INVINI,10238,0,11833532.838761682,1558203.5,144710859.00104338,413372.5,4829656.5,4416284.0,27996539.849999968,129311564.49999808,0.0,7110655949.0,42.7886464677776,5.391678062121509,0
INVFIN,10238,0,11935541.417203555,1558331.0,126527828.50330082,419163.5,4920256.25,4501092.75,30834469.499999996,144032785.7,0.0,6304460344.0,40.186615609986724,6.1535456143778084,0
ROTACION,10238,0,43339169.10389226,9202202.5,254664635.553886,3080166.25,23914300.75,20834134.5,128336425.64999996,568119110.4,0.0,9804952847.0,23.00773627720403,4.8251611642899,0
INVPRO,10238,0,11884450.842764886,1611769.25,134201388.87463355,453193.0,4953270.125,4500077.125,29615564.49999998,137116850.3,0.0,6707558146.0,42.14267718848942,4.815393631568666,0
CTO,10238,0,43605342.71590448,9487128.5,253357494.38695613,3292123.75,24254767.75,20962644.0,129813868.5,568119110.3,0.0,9804952847.0,23.156319889663287,3.2232857980074234,0
CTOINS,10238,0,43809289.76891053,9517592.5,253635622.31580746,3334244.5,24356671.25,21022426.75,129815666.2,572969286.7,0.0,9804952847.0,23.09315147773417,3.2232857980074234,0
GASTOS,10238,0,48540701.46431422,10775262.0,275714223.2070891,3915998.25,27280816.75,23364818.5,143039815.2,658651222.3899993,0.0,10560710476.0,22.827183796957,3.2135182652861887,0
GASTOSNOP,10238,0,2878125.874046463,186877.5,27953221.827288624,40622.0,781718.75,741096.75,6775967.699999999,37894346.612099886,0.0,1217898593.0,28.892596610766827,6.798202773979292,0
GASTOPNOP,10238,0,55518113.96505226,12554549.5,304579797.287302,4787398.0,31246102.25,26458704.25,171170372.49999988,802210328.5999793,0.0,11525756015.0,22.32408677755692,3.2135182652861887,0
