variable,faltantes,porcentaje,tipo
V1,0,0.0,int64
CORRELA_16,0,0.0,object
CORRE_9,0,0.0,object
IDOJ1,2,0.02,float64
IDAIO,0,0.0,int64
CIMREP,0,0.0,float64
BRUTA,0,0.0,float64
CONSUI,0,0.0,float64
GAS,0,0.0,float64
EMPAQUE,0,0.0,float64
HONORA,0,0.0,float64
COMISION,0,0.0,float64
ARRIENDO,0,0.0,float64
SEGURO,0,0.0,float64
ASEO,0,0.0,float64
ENERGIA,0,0.0,float64
COMUNICA,0,0.0,float64
PUBLICO,0,0.0,float64
FLETES,0,0.0,float64
PUBLICI,0,0.0,float64
ADECUA,0,0.0,float64
REGALA,0,0.0,float64
OUTSOURCING,0,0.0,float64
OTROS,0,0.0,float64
SUELDOS,0,0.0,float64
PRESTAC,0,0.0,float64
VENTA,0,0.0,float64
AGREGA,0,0.0,float64
PERREMUN,0,0.0,float64
SOCIOS,0,0.0,float64
PERSONOM,0,0.0,float64
DIRECTO,0,0.0,float64
AGENCIA,0,0.0,float64
APRENDIZ,0,0.0,float64
TOTPERSO,0,0.0,float64
PROMUJ,0,0.0,float64
PROHOM,0,0.0,float64
PERMUJ,0,0.0,float64
PERHOM,0,0.0,float64
DIRMUJ,0,0.0,float64
DIRHOM,0,0.0,float64
AGEMUJ,0,0.0,float64
AGEHOM,0,0.0,float64
APRENMUJ,0,0.0,float64
APRENHOM,0,0.0,float64
TOTMUJ,0,0.0,float64
TOTHOM,0,0.0,float64
SUEPLAN,0,0.0,float64
PREPLAN,0,0.0,float64
REMPLAN,0,0.0,float64
COTIZA,0,0.0,float64
GASAGEN,0,0.0,float64
REMTEMP,0,0.0,float64
TOTREM,0,0.0,float64
INVINI,0,0.0,float64
INVFIN,0,0.0,float64
ROTACION,0,0.0,float64
INVPRO,0,0.0,float64
CTO,0,0.0,float64
CTOINS,0,0.0,float64
GASTOS,0,0.0,float64
GASTOSNOP,0,0.0,float64
GASTOPNOP,0,0.0,float64
