variable,observaciones_atipicas,empresas,grupos_iqr_cero
REMTEMP,2094,2094,789
DIRHOM,2091,2091,966
DIRECTO,2080,2080,789
COMISION,2018,2018,1242
DIRMUJ,1974,1974,921
GAS,1962,1962,335
SOCIOS,1749,1749,1689
PROHOM,1661,1661,1661
PUBLICI,1640,1640,0
GASAGEN,1612,1612,1604
AGENCIA,1612,1612,1604
OUTSOURCING,1612,1612,1603
EMPAQUE,1575,1575,82
ASEO,1518,1518,0
AGEMUJ,1431,1431,1431
AGEHOM,1425,1425,1425
FLETES,1341,1341,0
GASTOSNOP,1323,1323,0
PROMUJ,1222,1222,1222
OTROS,1212,1212,0
ADECUA,1206,1206,0
COMUNICA,1203,1203,0
CONSUI,1188,1188,0
INVFIN,1178,1178,0
INVPRO,1170,1170,0
ENERGIA,1152,1152,0
ARRIENDO,1151,1151,0
SEGURO,1145,1145,0
INVINI,1138,1138,0
BRUTA,1131,1131,0
HONORA,1119,1119,0
AGREGA,1117,1117,0
PRESTAC,1114,1114,0
SUELDOS,1108,1108,0
VENTA,1108,1108,0
GASTOPNOP,1106,1106,0
GASTOS,1103,1103,0
COTIZA,1102,1102,0
TOTREM,1101,1101,0
CTOINS,1100,1100,0
ROTACION,1093,1093,0
CTO,1091,1091,0
SUEPLAN,1090,1090,0
REMPLAN,1089,1089,0
PREPLAN,1084,1084,0
TOTPERSO,1049,1049,0
PERREMUN,1042,1042,0
TOTHOM,1038,1038,0
PUBLICO,1025,1025,0
PERMUJ,1018,1018,0
TOTMUJ,1014,1014,0
PERSONOM,988,988,0
PERHOM,962,962,0
APRENMUJ,914,914,241
APRENDIZ,789,789,0
APRENHOM,783,783,249
CIMREP,637,637,571
REGALA,598,598,564
