anio,inflacion_media,inflacion_mediana,inflacion_min,inflacion_max,meses_inflacion,meta_anual,meses_con_meta
1955,0.6999999999999998,0.8049999999999999,-0.87,2.03,6,,0
1956,5.3975,5.52,2.1,8.83,12,,0
1957,16.496666666666666,18.27,9.3,21.43,12,,0
1958,13.467500000000001,12.445,7.98,19.46,12,,0
1959,8.261666666666667,7.84,7.14,10.34,12,,0
1960,5.8133333333333335,5.545,4.79,7.35,12,,0
1961,8.299999999999999,8.379999999999999,5.74,10.27,12,,0
1962,4.706666666666666,4.92,2.57,6.3,12,,0
1963,26.245833333333334,29.115,9.79,33.6,12,,0
1964,17.473333333333333,17.925,8.8,30.67,12,,0
1965,7.609166666666667,6.734999999999999,3.6,14.44,12,,0
1966,16.766666666666666,17.14,12.86,19.51,12,,0
1967,8.373333333333333,7.92,6.3,12.01,12,,0
1968,7.454166666666667,7.305,6.51,8.52,12,,0
1969,6.973333333333334,6.645,6.16,8.63,12,,0
1970,6.922499999999999,7.1850000000000005,5.22,7.72,12,,0
1971,11.472499999999998,10.864999999999998,8.26,14.65,12,,0
1972,13.633333333333333,13.585,12.9,14.31,12,,0
1973,21.11583333333333,22.795,13.95,24.78,12,,0
1974,24.632500000000004,25.575000000000003,21.2,26.91,12,,0
1975,23.30666666666667,24.375,17.77,26.36,12,,0
1976,20.011666666666667,18.97,15.69,25.76,12,,0
1977,33.68083333333333,33.635,25.72,41.65,12,,0
1978,17.714166666666667,16.619999999999997,12.69,27.22,12,,0
1979,24.378333333333334,23.13,21.04,28.8,12,,0
1980,26.55,26.57,24.2,28.27,12,,0
1981,27.501666666666665,27.485,25.67,29.52,12,,0
1982,24.584999999999997,24.66,23.46,26.03,12,,0
1983,19.8675,20.14,16.64,23.08,12,,0
1984,16.16,16.29,14.16,18.28,12,,0
1985,24.006666666666664,24.104999999999997,19.27,27.91,12,,0
1986,19.004166666666666,18.855,13.46,23.72,12,,0
1987,23.253333333333334,24.375,19.77,26.65,12,,0
1988,28.050833333333333,28.425,23.7,30.27,12,,0
1989,25.8875,26.325000000000003,23.63,27.91,12,,0
1990,29.045833333333334,28.845,26.69,32.36,12,,0
1991,30.463333333333335,31.17,26.82,31.98,12,22.0,12
1992,27.0475,27.225,25.13,28.36,12,22.0,12
1993,22.5,22.29,20.46,24.82,12,22.0,12
1994,22.855833333333333,22.64,22.16,23.94,12,19.0,12
1995,20.904166666666665,21.064999999999998,19.46,21.66,12,18.0,12
1996,20.771666666666665,20.689999999999998,19.7,21.88,12,17.0,12
1997,18.5025,18.265,17.68,20.62,12,18.0,12
1998,18.69666666666667,18.485,16.35,20.74,12,16.0,12
1999,10.980833333333335,9.49,8.78,17.18,12,15.0,12
2000,9.221666666666666,9.149999999999999,8.25,10.0,12,10.0,12
2001,7.9725,7.975,7.65,8.49,12,8.0,12
2002,6.353333333333333,6.205,5.65,7.37,12,6.0,12
2003,7.135833333333333,7.225,6.13,7.85,12,5.5,12
2004,5.906666666666666,5.9350000000000005,5.37,6.28,12,5.5,12
2005,5.051666666666667,5.025,4.83,5.43,12,5.0,12
2006,4.296666666666667,4.25,3.94,4.72,12,4.5,12
2007,5.5425,5.550000000000001,4.71,6.26,12,4.0,12
2008,6.989999999999999,7.35,5.73,7.94,12,4.0,12
2009,4.234166666666667,3.545,2.0,7.18,12,5.0,12
2010,2.2708333333333335,2.245,1.84,3.17,12,3.0,12
2011,3.4149999999999996,3.335,2.84,4.02,12,3.0,12
2012,3.170833333333333,3.1550000000000002,2.44,3.55,12,3.0,12
2013,2.018333333333333,2.0,1.76,2.27,12,3.0,12
2014,2.8975000000000004,2.875,2.13,3.66,12,3.0,12
2015,4.984166666666667,4.6,3.82,6.77,12,3.0,12
2016,7.523333333333333,7.76,5.75,8.97,12,3.0,12
2017,4.321666666666666,4.105,3.4,5.47,12,3.0,12
2018,3.2425,3.1900000000000004,3.1,3.68,12,3.0,12
2019,3.518333333333333,3.59,3.01,3.86,12,3.0,12
2020,2.535,2.08,1.49,3.86,12,3.0,12
2021,3.4941666666666666,3.8,1.51,5.62,12,3.0,12
2022,10.150833333333333,9.940000000000001,6.94,13.12,12,3.0,12
2023,11.774166666666666,11.955,9.28,13.34,12,3.0,12
2024,6.629166666666666,7.01,5.2,8.35,12,3.0,12
2025,5.1425,5.13,4.82,5.51,12,3.0,12
2026,5.766249999999999,5.76,5.29,6.24,8,3.0,8
