variable,grupo,n,candidatos,porcentaje,min,p05,q1,mediana,q3,p95,max,iqr,mad,limite_inf,limite_sup
Meta de inflación,1990,108,0,0.0,15.0,15.0,17.0,18.0,22.0,22.0,22.0,5.0,2.0,9.5,29.5
Meta de inflación,2000,120,12,10.0,4.0,4.0,4.5,5.25,6.0,10.0,10.0,1.5,0.75,2.25,8.25
Meta de inflación,2010,120,0,0.0,3.0,3.0,3.0,3.0,3.0,3.0,3.0,0.0,0.0,3.0,3.0
Meta de inflación,2020,80,0,0.0,3.0,3.0,3.0,3.0,3.0,3.0,3.0,0.0,0.0,3.0,3.0
Inflación total anual,1950,54,0,0.0,-0.87,0.8155,6.555,8.684999999999999,13.4275,20.774,21.43,6.8725000000000005,3.1649999999999987,-3.75375,23.73625
Inflación total anual,1960,120,9,7.5,2.57,4.496,6.27,7.705,14.335,29.241999999999997,33.6,8.065000000000001,2.1099999999999994,-5.827500000000002,26.432500000000005
Inflación total anual,1970,120,0,0.0,5.22,7.3425,13.5925,21.119999999999997,24.895,32.52349999999999,41.65,11.3025,5.665000000000003,-3.36125,41.848749999999995
Inflación total anual,1980,120,0,0.0,13.46,15.6575,20.8275,24.700000000000003,26.565,28.8255,30.27,5.737500000000001,2.3699999999999974,12.22125,35.17125
Inflación total anual,1990,120,0,0.0,8.78,9.634,19.405,21.59,26.96,31.181,32.36,7.555,3.385,8.072500000000002,38.292500000000004
Inflación total anual,2000,120,0,0.0,2.0,3.7835,5.085,6.135,7.6125,9.104999999999999,10.0,2.5275,1.1799999999999997,1.2937500000000002,11.403749999999999
Inflación total anual,2010,120,13,10.833333333333334,1.76,1.978,2.8274999999999997,3.3,4.06,7.606999999999999,8.97,1.2325,0.6800000000000004,0.9787499999999998,5.9087499999999995
Inflación total anual,2020,80,0,0.0,1.49,1.6095000000000002,4.4925,5.535,9.11,12.834999999999999,13.34,4.6175,1.9100000000000001,-2.43375,16.03625
