Hoja,Indicator Type,Periodo,filas,observaciones,paises_con_dato,porcentaje_faltante
ccpi_a,Inflation,1970,113,25,25,77.87610619469027
ccpi_a,Inflation,1971,113,25,25,77.87610619469027
ccpi_a,Inflation,1972,113,26,26,76.99115044247787
ccpi_a,Inflation,1973,113,27,27,76.10619469026548
ccpi_a,Inflation,1974,113,26,26,76.99115044247787
ccpi_a,Inflation,1975,113,27,27,76.10619469026548
ccpi_a,Inflation,1976,113,29,29,74.33628318584071
ccpi_a,Inflation,1977,113,28,28,75.22123893805309
ccpi_a,Inflation,1978,113,28,28,75.22123893805309
ccpi_a,Inflation,1979,113,29,29,74.33628318584071
ccpi_a,Inflation,1980,113,30,30,73.45132743362832
ccpi_a,Inflation,1981,113,30,30,73.45132743362832
ccpi_a,Inflation,1982,113,31,31,72.56637168141593
ccpi_a,Inflation,1983,113,30,30,73.45132743362832
ccpi_a,Inflation,1984,113,30,30,73.45132743362832
ccpi_a,Inflation,1985,113,30,30,73.45132743362832
ccpi_a,Inflation,1986,113,31,31,72.56637168141593
ccpi_a,Inflation,1987,113,31,31,72.56637168141593
ccpi_a,Inflation,1988,113,33,33,70.79646017699115
ccpi_a,Inflation,1989,113,33,33,70.79646017699115
ccpi_a,Inflation,1990,113,34,34,69.91150442477876
ccpi_a,Inflation,1991,113,35,35,69.02654867256638
ccpi_a,Inflation,1992,113,38,38,66.3716814159292
ccpi_a,Inflation,1993,113,40,40,64.60176991150442
ccpi_a,Inflation,1994,113,43,43,61.94690265486726
ccpi_a,Inflation,1995,113,42,42,62.83185840707964
ccpi_a,Inflation,1996,113,47,47,58.4070796460177
ccpi_a,Inflation,1997,113,48,48,57.52212389380531
ccpi_a,Inflation,1998,113,49,49,56.63716814159292
ccpi_a,Inflation,1999,113,51,51,54.86725663716814
ccpi_a,Inflation,2000,113,57,57,49.557522123893804
ccpi_a,Inflation,2001,113,60,60,46.902654867256636
ccpi_a,Inflation,2002,113,64,64,43.36283185840708
ccpi_a,Inflation,2003,113,65,65,42.47787610619469
ccpi_a,Inflation,2004,113,69,69,38.93805309734513
ccpi_a,Inflation,2005,113,71,71,37.16814159292036
ccpi_a,Inflation,2006,113,78,78,30.97345132743363
ccpi_a,Inflation,2007,113,85,85,24.778761061946902
ccpi_a,Inflation,2008,113,86,86,23.893805309734514
ccpi_a,Inflation,2009,113,90,90,20.353982300884955
ccpi_a,Inflation,2010,113,92,92,18.58407079646018
ccpi_a,Inflation,2011,113,92,92,18.58407079646018
ccpi_a,Inflation,2012,113,95,95,15.929203539823009
ccpi_a,Inflation,2013,113,97,97,14.15929203539823
ccpi_a,Inflation,2014,113,99,99,12.389380530973451
ccpi_a,Inflation,2015,113,99,99,12.389380530973451
ccpi_a,Inflation,2016,113,99,99,12.389380530973451
ccpi_a,Inflation,2017,113,95,95,15.929203539823009
ccpi_a,Inflation,2018,113,95,95,15.929203539823009
ccpi_a,Inflation,2019,113,94,94,16.8141592920354
ccpi_a,Inflation,2020,113,93,93,17.699115044247787
ccpi_a,Inflation,2021,113,94,94,16.8141592920354
ccpi_a,Inflation,2022,113,89,89,21.238938053097346
ccpi_a,Inflation,2023,113,87,87,23.008849557522122
ccpi_a,Inflation,2024,113,85,85,24.778761061946902
def_a,Rate,1970,196,130,130,33.673469387755105
def_a,Rate,1971,196,142,142,27.551020408163264
def_a,Rate,1972,196,142,142,27.551020408163264
def_a,Rate,1973,196,142,142,27.551020408163264
def_a,Rate,1974,196,142,142,27.551020408163264
def_a,Rate,1975,196,143,143,27.040816326530614
def_a,Rate,1976,196,145,145,26.020408163265305
def_a,Rate,1977,196,146,146,25.510204081632654
def_a,Rate,1978,196,146,146,25.510204081632654
def_a,Rate,1979,196,146,146,25.510204081632654
def_a,Rate,1980,196,146,146,25.510204081632654
def_a,Rate,1981,196,155,155,20.918367346938776
def_a,Rate,1982,196,156,156,20.408163265306122
def_a,Rate,1983,196,156,156,20.408163265306122
def_a,Rate,1984,196,156,156,20.408163265306122
def_a,Rate,1985,196,156,156,20.408163265306122
def_a,Rate,1986,196,156,156,20.408163265306122
def_a,Rate,1987,196,156,156,20.408163265306122
def_a,Rate,1988,196,157,157,19.897959183673468
def_a,Rate,1989,196,157,157,19.897959183673468
def_a,Rate,1990,196,157,157,19.897959183673468
def_a,Rate,1991,196,158,158,19.387755102040817
def_a,Rate,1992,196,159,159,18.877551020408163
def_a,Rate,1993,196,173,173,11.73469387755102
def_a,Rate,1994,196,177,177,9.693877551020408
def_a,Rate,1995,196,177,177,9.693877551020408
def_a,Rate,1996,196,180,180,8.16326530612245
def_a,Rate,1997,196,181,181,7.653061224489796
def_a,Rate,1998,196,183,183,6.63265306122449
def_a,Rate,1999,196,183,183,6.63265306122449
def_a,Rate,2000,196,183,183,6.63265306122449
def_a,Rate,2001,196,190,190,3.061224489795918
def_a,Rate,2002,196,191,191,2.5510204081632653
def_a,Rate,2003,196,192,192,2.0408163265306123
def_a,Rate,2004,196,192,192,2.0408163265306123
def_a,Rate,2005,196,193,193,1.530612244897959
def_a,Rate,2006,196,193,193,1.530612244897959
def_a,Rate,2007,196,193,193,1.530612244897959
def_a,Rate,2008,196,193,193,1.530612244897959
def_a,Rate,2009,196,193,193,1.530612244897959
def_a,Rate,2010,196,193,193,1.530612244897959
def_a,Rate,2011,196,193,193,1.530612244897959
def_a,Rate,2012,196,194,194,1.0204081632653061
def_a,Rate,2013,196,194,194,1.0204081632653061
def_a,Rate,2014,196,194,194,1.0204081632653061
def_a,Rate,2015,196,194,194,1.0204081632653061
def_a,Rate,2016,196,194,194,1.0204081632653061
def_a,Rate,2017,196,194,194,1.0204081632653061
def_a,Rate,2018,196,194,194,1.0204081632653061
def_a,Rate,2019,196,194,194,1.0204081632653061
def_a,Rate,2020,196,194,194,1.0204081632653061
def_a,Rate,2021,196,194,194,1.0204081632653061
def_a,Rate,2022,196,195,195,0.5102040816326531
def_a,Rate,2023,196,192,192,2.0408163265306123
def_a,Rate,2024,196,191,191,2.5510204081632653
ecpi_a,Inflation,1970,172,83,83,51.74418604651163
ecpi_a,Inflation,1971,172,89,89,48.25581395348837
ecpi_a,Inflation,1972,172,89,89,48.25581395348837
ecpi_a,Inflation,1973,172,88,88,48.83720930232558
ecpi_a,Inflation,1974,172,90,90,47.674418604651166
ecpi_a,Inflation,1975,172,91,91,47.093023255813954
ecpi_a,Inflation,1976,172,87,87,49.41860465116279
ecpi_a,Inflation,1977,172,87,87,49.41860465116279
ecpi_a,Inflation,1978,172,87,87,49.41860465116279
ecpi_a,Inflation,1979,172,85,85,50.58139534883721
ecpi_a,Inflation,1980,172,87,87,49.41860465116279
ecpi_a,Inflation,1981,172,94,94,45.348837209302324
ecpi_a,Inflation,1982,172,94,94,45.348837209302324
ecpi_a,Inflation,1983,172,97,97,43.604651162790695
ecpi_a,Inflation,1984,172,101,101,41.27906976744186
ecpi_a,Inflation,1985,172,100,100,41.86046511627907
ecpi_a,Inflation,1986,172,101,101,41.27906976744186
ecpi_a,Inflation,1987,172,105,105,38.95348837209303
ecpi_a,Inflation,1988,172,106,106,38.372093023255815
ecpi_a,Inflation,1989,172,105,105,38.95348837209303
ecpi_a,Inflation,1990,172,106,106,38.372093023255815
ecpi_a,Inflation,1991,172,113,113,34.30232558139535
ecpi_a,Inflation,1992,172,114,114,33.72093023255814
ecpi_a,Inflation,1993,172,117,117,31.976744186046513
ecpi_a,Inflation,1994,172,118,118,31.3953488372093
ecpi_a,Inflation,1995,172,121,121,29.651162790697676
ecpi_a,Inflation,1996,172,123,123,28.488372093023255
ecpi_a,Inflation,1997,172,124,124,27.906976744186046
ecpi_a,Inflation,1998,172,125,125,27.325581395348838
ecpi_a,Inflation,1999,172,129,129,25.0
ecpi_a,Inflation,2000,172,127,127,26.162790697674417
ecpi_a,Inflation,2001,172,129,129,25.0
ecpi_a,Inflation,2002,172,135,135,21.511627906976745
ecpi_a,Inflation,2003,172,135,135,21.511627906976745
ecpi_a,Inflation,2004,172,135,135,21.511627906976745
ecpi_a,Inflation,2005,172,136,136,20.930232558139537
ecpi_a,Inflation,2006,172,140,140,18.6046511627907
ecpi_a,Inflation,2007,172,139,139,19.186046511627907
ecpi_a,Inflation,2008,172,142,142,17.441860465116278
ecpi_a,Inflation,2009,172,139,139,19.186046511627907
ecpi_a,Inflation,2010,172,141,141,18.023255813953487
ecpi_a,Inflation,2011,172,141,141,18.023255813953487
ecpi_a,Inflation,2012,172,144,144,16.27906976744186
ecpi_a,Inflation,2013,172,153,153,11.046511627906977
ecpi_a,Inflation,2014,172,167,166,2.9069767441860463
ecpi_a,Inflation,2015,172,166,165,3.488372093023256
ecpi_a,Inflation,2016,172,168,167,2.3255813953488373
ecpi_a,Inflation,2017,172,165,165,4.069767441860465
ecpi_a,Inflation,2018,172,166,166,3.488372093023256
ecpi_a,Inflation,2019,172,164,164,4.651162790697675
ecpi_a,Inflation,2020,172,163,163,5.232558139534884
ecpi_a,Inflation,2021,172,154,154,10.465116279069768
ecpi_a,Inflation,2022,172,151,151,12.209302325581396
ecpi_a,Inflation,2023,172,149,149,13.372093023255815
ecpi_a,Inflation,2024,172,133,133,22.674418604651162
fcpi_a,Inflation,1970,182,131,131,28.021978021978022
fcpi_a,Inflation,1971,182,132,132,27.47252747252747
fcpi_a,Inflation,1972,182,133,133,26.923076923076923
fcpi_a,Inflation,1973,182,132,132,27.47252747252747
fcpi_a,Inflation,1974,182,134,134,26.373626373626372
fcpi_a,Inflation,1975,182,131,131,28.021978021978022
fcpi_a,Inflation,1976,182,131,131,28.021978021978022
fcpi_a,Inflation,1977,182,129,129,29.12087912087912
fcpi_a,Inflation,1978,182,128,128,29.67032967032967
fcpi_a,Inflation,1979,182,126,126,30.76923076923077
fcpi_a,Inflation,1980,182,125,125,31.318681318681318
fcpi_a,Inflation,1981,182,131,131,28.021978021978022
fcpi_a,Inflation,1982,182,134,134,26.373626373626372
fcpi_a,Inflation,1983,182,139,139,23.626373626373628
fcpi_a,Inflation,1984,182,140,140,23.076923076923077
fcpi_a,Inflation,1985,182,137,137,24.725274725274726
fcpi_a,Inflation,1986,182,141,141,22.52747252747253
fcpi_a,Inflation,1987,182,142,142,21.978021978021978
fcpi_a,Inflation,1988,182,143,143,21.428571428571427
fcpi_a,Inflation,1989,182,143,143,21.428571428571427
fcpi_a,Inflation,1990,182,144,144,20.87912087912088
fcpi_a,Inflation,1991,182,148,148,18.681318681318682
fcpi_a,Inflation,1992,182,150,150,17.582417582417584
fcpi_a,Inflation,1993,182,151,151,17.032967032967033
fcpi_a,Inflation,1994,182,154,154,15.384615384615385
fcpi_a,Inflation,1995,182,157,157,13.736263736263735
fcpi_a,Inflation,1996,182,157,157,13.736263736263735
fcpi_a,Inflation,1997,182,156,156,14.285714285714286
fcpi_a,Inflation,1998,182,158,158,13.186813186813186
fcpi_a,Inflation,1999,182,157,157,13.736263736263735
fcpi_a,Inflation,2000,182,157,157,13.736263736263735
fcpi_a,Inflation,2001,182,159,159,12.637362637362637
fcpi_a,Inflation,2002,182,162,162,10.989010989010989
fcpi_a,Inflation,2003,182,160,160,12.087912087912088
fcpi_a,Inflation,2004,182,160,160,12.087912087912088
fcpi_a,Inflation,2005,182,164,164,9.89010989010989
fcpi_a,Inflation,2006,182,167,167,8.241758241758241
fcpi_a,Inflation,2007,182,167,167,8.241758241758241
fcpi_a,Inflation,2008,182,169,169,7.142857142857143
fcpi_a,Inflation,2009,182,170,170,6.593406593406593
fcpi_a,Inflation,2010,182,170,170,6.593406593406593
fcpi_a,Inflation,2011,182,166,166,8.791208791208792
fcpi_a,Inflation,2012,182,164,163,9.89010989010989
fcpi_a,Inflation,2013,182,167,166,8.241758241758241
fcpi_a,Inflation,2014,182,170,168,6.593406593406593
fcpi_a,Inflation,2015,182,172,170,5.4945054945054945
fcpi_a,Inflation,2016,182,176,174,3.2967032967032965
fcpi_a,Inflation,2017,182,173,171,4.945054945054945
fcpi_a,Inflation,2018,182,171,170,6.043956043956044
fcpi_a,Inflation,2019,182,168,167,7.6923076923076925
fcpi_a,Inflation,2020,182,166,165,8.791208791208792
fcpi_a,Inflation,2021,182,164,163,9.89010989010989
fcpi_a,Inflation,2022,182,162,161,10.989010989010989
fcpi_a,Inflation,2023,182,149,149,18.13186813186813
fcpi_a,Inflation,2024,182,92,92,49.45054945054945
hcpi_a,Inflation,1970,203,155,155,23.645320197044335
hcpi_a,Inflation,1971,203,155,155,23.645320197044335
hcpi_a,Inflation,1972,203,155,155,23.645320197044335
hcpi_a,Inflation,1973,203,156,156,23.15270935960591
hcpi_a,Inflation,1974,203,156,156,23.15270935960591
hcpi_a,Inflation,1975,203,154,154,24.137931034482758
hcpi_a,Inflation,1976,203,154,154,24.137931034482758
hcpi_a,Inflation,1977,203,154,154,24.137931034482758
hcpi_a,Inflation,1978,203,155,155,23.645320197044335
hcpi_a,Inflation,1979,203,155,155,23.645320197044335
hcpi_a,Inflation,1980,203,158,158,22.167487684729064
hcpi_a,Inflation,1981,203,162,162,20.19704433497537
hcpi_a,Inflation,1982,203,163,163,19.704433497536947
hcpi_a,Inflation,1983,203,163,163,19.704433497536947
hcpi_a,Inflation,1984,203,163,163,19.704433497536947
hcpi_a,Inflation,1985,203,163,163,19.704433497536947
hcpi_a,Inflation,1986,203,164,164,19.211822660098523
hcpi_a,Inflation,1987,203,165,165,18.7192118226601
hcpi_a,Inflation,1988,203,165,165,18.7192118226601
hcpi_a,Inflation,1989,203,165,165,18.7192118226601
hcpi_a,Inflation,1990,203,166,166,18.226600985221676
hcpi_a,Inflation,1991,203,169,169,16.748768472906406
hcpi_a,Inflation,1992,203,175,175,13.793103448275861
hcpi_a,Inflation,1993,203,179,179,11.822660098522167
hcpi_a,Inflation,1994,203,180,180,11.330049261083744
hcpi_a,Inflation,1995,203,181,181,10.83743842364532
hcpi_a,Inflation,1996,203,184,184,9.35960591133005
hcpi_a,Inflation,1997,203,185,185,8.866995073891626
hcpi_a,Inflation,1998,203,186,186,8.374384236453203
hcpi_a,Inflation,1999,203,187,187,7.8817733990147785
hcpi_a,Inflation,2000,203,188,188,7.389162561576355
hcpi_a,Inflation,2001,203,191,191,5.911330049261084
hcpi_a,Inflation,2002,203,191,191,5.911330049261084
hcpi_a,Inflation,2003,203,194,194,4.433497536945813
hcpi_a,Inflation,2004,203,195,195,3.9408866995073892
hcpi_a,Inflation,2005,203,198,198,2.4630541871921183
hcpi_a,Inflation,2006,203,198,198,2.4630541871921183
hcpi_a,Inflation,2007,203,198,198,2.4630541871921183
hcpi_a,Inflation,2008,203,198,198,2.4630541871921183
hcpi_a,Inflation,2009,203,198,198,2.4630541871921183
hcpi_a,Inflation,2010,203,198,198,2.4630541871921183
hcpi_a,Inflation,2011,203,198,198,2.4630541871921183
hcpi_a,Inflation,2012,203,200,200,1.477832512315271
hcpi_a,Inflation,2013,203,201,201,0.9852216748768473
hcpi_a,Inflation,2014,203,201,201,0.9852216748768473
hcpi_a,Inflation,2015,203,201,201,0.9852216748768473
hcpi_a,Inflation,2016,203,201,201,0.9852216748768473
hcpi_a,Inflation,2017,203,200,200,1.477832512315271
hcpi_a,Inflation,2018,203,200,200,1.477832512315271
hcpi_a,Inflation,2019,203,200,200,1.477832512315271
hcpi_a,Inflation,2020,203,199,199,1.9704433497536946
hcpi_a,Inflation,2021,203,198,198,2.4630541871921183
hcpi_a,Inflation,2022,203,198,198,2.4630541871921183
hcpi_a,Inflation,2023,203,201,201,0.9852216748768473
hcpi_a,Inflation,2024,203,195,195,3.9408866995073892
ppi_a,Inflation,1970,113,28,28,75.22123893805309
ppi_a,Inflation,1971,113,27,27,76.10619469026548
ppi_a,Inflation,1972,113,27,27,76.10619469026548
ppi_a,Inflation,1973,113,27,27,76.10619469026548
ppi_a,Inflation,1974,113,28,28,75.22123893805309
ppi_a,Inflation,1975,113,31,31,72.56637168141593
ppi_a,Inflation,1976,113,29,29,74.33628318584071
ppi_a,Inflation,1977,113,29,29,74.33628318584071
ppi_a,Inflation,1978,113,30,30,73.45132743362832
ppi_a,Inflation,1979,113,33,33,70.79646017699115
ppi_a,Inflation,1980,113,33,33,70.79646017699115
ppi_a,Inflation,1981,113,34,34,69.91150442477876
ppi_a,Inflation,1982,113,36,36,68.14159292035399
ppi_a,Inflation,1983,113,35,35,69.02654867256638
ppi_a,Inflation,1984,113,36,36,68.14159292035399
ppi_a,Inflation,1985,113,36,36,68.14159292035399
ppi_a,Inflation,1986,113,38,38,66.3716814159292
ppi_a,Inflation,1987,113,39,39,65.48672566371681
ppi_a,Inflation,1988,113,38,38,66.3716814159292
ppi_a,Inflation,1989,113,37,37,67.2566371681416
ppi_a,Inflation,1990,113,39,39,65.48672566371681
ppi_a,Inflation,1991,113,42,42,62.83185840707964
ppi_a,Inflation,1992,113,42,42,62.83185840707964
ppi_a,Inflation,1993,113,49,49,56.63716814159292
ppi_a,Inflation,1994,113,57,57,49.557522123893804
ppi_a,Inflation,1995,113,58,58,48.67256637168141
ppi_a,Inflation,1996,113,59,59,47.78761061946903
ppi_a,Inflation,1997,113,62,62,45.13274336283186
ppi_a,Inflation,1998,113,66,66,41.5929203539823
ppi_a,Inflation,1999,113,67,67,40.70796460176991
ppi_a,Inflation,2000,113,67,67,40.70796460176991
ppi_a,Inflation,2001,113,71,71,37.16814159292036
ppi_a,Inflation,2002,113,73,73,35.39823008849557
ppi_a,Inflation,2003,113,75,75,33.6283185840708
ppi_a,Inflation,2004,113,75,75,33.6283185840708
ppi_a,Inflation,2005,113,77,77,31.858407079646017
ppi_a,Inflation,2006,113,78,78,30.97345132743363
ppi_a,Inflation,2007,113,82,82,27.43362831858407
ppi_a,Inflation,2008,113,85,85,24.778761061946902
ppi_a,Inflation,2009,113,89,89,21.238938053097346
ppi_a,Inflation,2010,113,92,92,18.58407079646018
ppi_a,Inflation,2011,113,90,90,20.353982300884955
ppi_a,Inflation,2012,113,93,93,17.699115044247787
ppi_a,Inflation,2013,113,97,97,14.15929203539823
ppi_a,Inflation,2014,113,97,97,14.15929203539823
ppi_a,Inflation,2015,113,97,97,14.15929203539823
ppi_a,Inflation,2016,113,102,102,9.734513274336283
ppi_a,Inflation,2017,113,104,104,7.964601769911504
ppi_a,Inflation,2018,113,105,105,7.079646017699115
ppi_a,Inflation,2019,113,102,102,9.734513274336283
ppi_a,Inflation,2020,113,100,100,11.504424778761061
ppi_a,Inflation,2021,113,101,101,10.619469026548673
ppi_a,Inflation,2022,113,97,97,14.15929203539823
ppi_a,Inflation,2023,113,93,93,17.699115044247787
ppi_a,Inflation,2024,113,88,88,22.123893805309734
